{
    "1421_west_adams": {
        "loc": [
            -118.29257926863903,
            34.0330895700459
        ]
    },
    "doheny_library": {
        "loc": [
            -118.283693,
            34.020007
        ]
    },
    "Leavey_library": {
        "loc": [
            -118.283258,
            34.021605
        ]
    },
    "Science_and_Engineering": {
        "loc": [
            -118.28888523078832,
            34.01945123387719
        ]
    },
    "Cinematic_arts_dpt": {
        "loc": [
            -118.2864475558864,
            34.02344481782012
        ]
    },
    "Marshall_dpt": {
        "loc": [
            -118.28592023260921,
            34.01885748526797
        ]
    },
    "Herman_Ostro_School_of_Dentistry_dept": {
        "loc": [
            -118.28627951356212,
            34.02388234738049
        ]
    },
    "Dulce": {
        "loc": [
            -118.28527978471891,
            34.02531244827672
        ]
    },
    "Starbucks": {
        "loc": [
            -118.28408450005811,
            34.02473497987479
        ]
    },
    "Insomnia_cookies": {
        "loc": [
            -118.2853449856225,
            34.024978796299656
        ]
    },
    "Traveller_the_horse": {
        "loc": [
            -118.28526109870987,
            34.02024573113718
        ]
    },
    "Generations_Fountain": {
        "loc": [
            -118.283238,
            34.022211
        ]
    },
    "Doheny_fountain": {
        "loc": [
            -118.28341902447363,
            34.020447068158866
        ]
    }
}