{
    "home": {
        "1421_west_adams": [
            34.0330895700459,
            -118.29257926863903
        ]
    },
    "Libraries": {
        "Doheny": [
            34.020007,
            -118.283693
        ],
        "Leavey": [
            34.021605,
            -118.283258
        ],
        "Science and Engineering": [
            34.01945123387719,
            -118.28888523078832
        ]
    },
    "Departments": {
        "Cinematic Arts": [
            34.02344481782012,
            -118.2864475558864
        ],
        "Marshall": [
            34.01885748526797,
            -118.28592023260921
        ],
        "Herman Ostro School of Dentistry": [
            34.02388234738049,
            -118.28627951356212
        ]
    },
    "Restaurants": {
        "Dulce": [
            34.02531244827672,
            -118.28527978471891
        ],
        "Starbucks": [
            34.02473497987479,
            -118.28408450005811
        ],
        "Insomnia Cookies": [
            34.024978796299656,
            -118.2853449856225
        ]
    },
    "fountains": {
        "Traveller the horse": [
            34.02024573113718,
            -118.28526109870987
        ],
        "Generations Fountain (exiting leavey)": [
            34.022211,
            -118.283238
        ],
        "Doheny": [
            34.020447068158866,
            -118.28341902447363
        ]
    }
}